mold_code,f1_score
8722,0.8444444444444444
8412,0.9243027888446215
8573,0.975609756097561
8917,0.875
8600,0.8285714285714286
